ALTER TABLE TBL_JOB ALTER COLUMN LANGUAGE_REQ TYPE TEXT[] USING ARRAY[LANGUAGE_REQ];

INSERT INTO TBL_COUNTRY (COUNTRY, CURRENCY)
             VALUES ('USA', 'Dollar');
INSERT INTO TBL_COUNTRY (COUNTRY, CURRENCY)
             VALUES ('England', 'Pound');
INSERT INTO TBL_COUNTRY (COUNTRY, CURRENCY)
             VALUES ('Canada', 'CdnDlr');
INSERT INTO TBL_COUNTRY (COUNTRY, CURRENCY)
             VALUES ('Switzerland', 'SFranc');
INSERT INTO TBL_COUNTRY (COUNTRY, CURRENCY)
             VALUES ('Japan', 'Yen');
INSERT INTO TBL_COUNTRY (COUNTRY, CURRENCY)
             VALUES ('Italy', 'Euro');
INSERT INTO TBL_COUNTRY (COUNTRY, CURRENCY)
             VALUES ('France', 'Euro');
INSERT INTO TBL_COUNTRY (COUNTRY, CURRENCY)
             VALUES ('Germany', 'Euro');
INSERT INTO TBL_COUNTRY (COUNTRY, CURRENCY)
             VALUES ('Australia', 'ADollar');
INSERT INTO TBL_COUNTRY (COUNTRY, CURRENCY)
             VALUES ('Hong Kong', 'HKDollar');
INSERT INTO TBL_COUNTRY (COUNTRY, CURRENCY)
             VALUES ('Netherlands', 'Euro');
INSERT INTO TBL_COUNTRY (COUNTRY, CURRENCY)
             VALUES ('Belgium', 'Euro');
INSERT INTO TBL_COUNTRY (COUNTRY, CURRENCY)
             VALUES ('Austria', 'Euro');
INSERT INTO TBL_COUNTRY (COUNTRY, CURRENCY)
             VALUES ('Fiji', 'FDollar');
INSERT INTO TBL_COUNTRY (COUNTRY, CURRENCY)
             VALUES ('Russia', 'Ruble');
INSERT INTO TBL_COUNTRY (COUNTRY, CURRENCY)
             VALUES ('Romania', 'RLeu');    
--
INSERT INTO TBL_DEPARTMENT (DEPT_NO, DEPARTMENT, HEAD_DEPT, MNGR_NO, BUDGET, LOCATION, PHONE_NO)
                VALUES ('000', 'Corporate Headquarters', NULL, 105, 1000000, 'Monterey', '(408) 555-1234');
INSERT INTO TBL_DEPARTMENT (DEPT_NO, DEPARTMENT, HEAD_DEPT, MNGR_NO, BUDGET, LOCATION, PHONE_NO)
                VALUES ('100', 'Sales and Marketing', '000', 85, 2000000, 'San Francisco', '(415) 555-1234');
INSERT INTO TBL_DEPARTMENT (DEPT_NO, DEPARTMENT, HEAD_DEPT, MNGR_NO, BUDGET, LOCATION, PHONE_NO)
                VALUES ('600', 'Engineering', '000', 2, 1100000, 'Monterey', '(408) 555-1234');
INSERT INTO TBL_DEPARTMENT (DEPT_NO, DEPARTMENT, HEAD_DEPT, MNGR_NO, BUDGET, LOCATION, PHONE_NO)
                VALUES ('900', 'Finance', '000', 46, 400000, 'Monterey', '(408) 555-1234');
INSERT INTO TBL_DEPARTMENT (DEPT_NO, DEPARTMENT, HEAD_DEPT, MNGR_NO, BUDGET, LOCATION, PHONE_NO)
                VALUES ('180', 'Marketing', '100', NULL, 1500000, 'San Francisco', '(415) 555-1234');
INSERT INTO TBL_DEPARTMENT (DEPT_NO, DEPARTMENT, HEAD_DEPT, MNGR_NO, BUDGET, LOCATION, PHONE_NO)
                VALUES ('620', 'Software Products Div.', '600', NULL, 1200000, 'Monterey', '(408) 555-1234');
INSERT INTO TBL_DEPARTMENT (DEPT_NO, DEPARTMENT, HEAD_DEPT, MNGR_NO, BUDGET, LOCATION, PHONE_NO)
                VALUES ('621', 'Software Development', '620', NULL, 400000, 'Monterey', '(408) 555-1234');
INSERT INTO TBL_DEPARTMENT (DEPT_NO, DEPARTMENT, HEAD_DEPT, MNGR_NO, BUDGET, LOCATION, PHONE_NO)
                VALUES ('622', 'Quality Assurance', '620', 9, 300000, 'Monterey', '(408) 555-1234');
INSERT INTO TBL_DEPARTMENT (DEPT_NO, DEPARTMENT, HEAD_DEPT, MNGR_NO, BUDGET, LOCATION, PHONE_NO)
                VALUES ('623', 'Customer Support', '620', 15, 650000, 'Monterey', '(408) 555-1234');
INSERT INTO TBL_DEPARTMENT (DEPT_NO, DEPARTMENT, HEAD_DEPT, MNGR_NO, BUDGET, LOCATION, PHONE_NO)
                VALUES ('670', 'Consumer Electronics Div.', '600', 107, 1150000, 'Burlington, VT', '(802) 555-1234');
INSERT INTO TBL_DEPARTMENT (DEPT_NO, DEPARTMENT, HEAD_DEPT, MNGR_NO, BUDGET, LOCATION, PHONE_NO)
                VALUES ('671', 'Research and Development', '670', 20, 460000, 'Burlington, VT', '(802) 555-1234');
INSERT INTO TBL_DEPARTMENT (DEPT_NO, DEPARTMENT, HEAD_DEPT, MNGR_NO, BUDGET, LOCATION, PHONE_NO)
                VALUES ('672', 'Customer Services', '670', 94, 850000, 'Burlington, VT', '(802) 555-1234');
INSERT INTO TBL_DEPARTMENT (DEPT_NO, DEPARTMENT, HEAD_DEPT, MNGR_NO, BUDGET, LOCATION, PHONE_NO)
                VALUES ('130', 'Field Office: East Coast', '100', 11, 500000, 'Boston', '(617) 555-1234');
INSERT INTO TBL_DEPARTMENT (DEPT_NO, DEPARTMENT, HEAD_DEPT, MNGR_NO, BUDGET, LOCATION, PHONE_NO)
                VALUES ('140', 'Field Office: Canada', '100', 72, 500000, 'Toronto', '(416) 677-1000');
INSERT INTO TBL_DEPARTMENT (DEPT_NO, DEPARTMENT, HEAD_DEPT, MNGR_NO, BUDGET, LOCATION, PHONE_NO)
                VALUES ('110', 'Pacific Rim Headquarters', '100', 34, 600000, 'Kuaui', '(808) 555-1234');
INSERT INTO TBL_DEPARTMENT (DEPT_NO, DEPARTMENT, HEAD_DEPT, MNGR_NO, BUDGET, LOCATION, PHONE_NO)
                VALUES ('115', 'Field Office: Japan', '110', 118, 500000, 'Tokyo', '3 5350 0901');
INSERT INTO TBL_DEPARTMENT (DEPT_NO, DEPARTMENT, HEAD_DEPT, MNGR_NO, BUDGET, LOCATION, PHONE_NO)
                VALUES ('116', 'Field Office: Singapore', '110', NULL, 300000, 'Singapore', '3 55 1234');
INSERT INTO TBL_DEPARTMENT (DEPT_NO, DEPARTMENT, HEAD_DEPT, MNGR_NO, BUDGET, LOCATION, PHONE_NO)
                VALUES ('120', 'European Headquarters', '100', 36, 700000, 'London', '71 235-4400');
INSERT INTO TBL_DEPARTMENT (DEPT_NO, DEPARTMENT, HEAD_DEPT, MNGR_NO, BUDGET, LOCATION, PHONE_NO)
                VALUES ('121', 'Field Office: Switzerland', '120', 141, 500000, 'Zurich', '1 211 7767');
INSERT INTO TBL_DEPARTMENT (DEPT_NO, DEPARTMENT, HEAD_DEPT, MNGR_NO, BUDGET, LOCATION, PHONE_NO)
                VALUES ('123', 'Field Office: France', '120', 134, 400000, 'Cannes', '58 68 11 12');
INSERT INTO TBL_DEPARTMENT (DEPT_NO, DEPARTMENT, HEAD_DEPT, MNGR_NO, BUDGET, LOCATION, PHONE_NO)
                VALUES ('125', 'Field Office: Italy', '120', 121, 400000, 'Milan', '2 430 39 39');

--

INSERT INTO TBL_EMPLOYEE (EMP_NO, FIRST_NAME, LAST_NAME, PHONE_EXT, HIRE_DATE, DEPT_NO, JOB_CODE, JOB_GRADE, JOB_COUNTRY, SALARY)
              VALUES (2, 'Robert', 'Nelson', '250', '1988-12-28 00:00:00', '600', 'VP', 2, 'USA', 105900);
INSERT INTO TBL_EMPLOYEE (EMP_NO, FIRST_NAME, LAST_NAME, PHONE_EXT, HIRE_DATE, DEPT_NO, JOB_CODE, JOB_GRADE, JOB_COUNTRY, SALARY)
              VALUES (4, 'Bruce', 'Young', '233', '1988-12-28 00:00:00', '621', 'Eng', 2, 'USA', 97500);
INSERT INTO TBL_EMPLOYEE (EMP_NO, FIRST_NAME, LAST_NAME, PHONE_EXT, HIRE_DATE, DEPT_NO, JOB_CODE, JOB_GRADE, JOB_COUNTRY, SALARY)
              VALUES (5, 'Kim', 'Lambert', '22', '1989-02-06 00:00:00', '130', 'Eng', 2, 'USA', 102750);
INSERT INTO TBL_EMPLOYEE (EMP_NO, FIRST_NAME, LAST_NAME, PHONE_EXT, HIRE_DATE, DEPT_NO, JOB_CODE, JOB_GRADE, JOB_COUNTRY, SALARY)
              VALUES (8, 'Leslie', 'Johnson', '410', '1989-04-05 00:00:00', '180', 'Mktg', 3, 'USA', 64635);
INSERT INTO TBL_EMPLOYEE (EMP_NO, FIRST_NAME, LAST_NAME, PHONE_EXT, HIRE_DATE, DEPT_NO, JOB_CODE, JOB_GRADE, JOB_COUNTRY, SALARY)
              VALUES (9, 'Phil', 'Forest', '229', '1989-04-17 00:00:00', '622', 'Mngr', 3, 'USA', 75060);
INSERT INTO TBL_EMPLOYEE (EMP_NO, FIRST_NAME, LAST_NAME, PHONE_EXT, HIRE_DATE, DEPT_NO, JOB_CODE, JOB_GRADE, JOB_COUNTRY, SALARY)
              VALUES (11, 'K. J.', 'Weston', '34', '1990-01-17 00:00:00', '130', 'SRep', 4, 'USA', 86292.94);
INSERT INTO TBL_EMPLOYEE (EMP_NO, FIRST_NAME, LAST_NAME, PHONE_EXT, HIRE_DATE, DEPT_NO, JOB_CODE, JOB_GRADE, JOB_COUNTRY, SALARY)
              VALUES (12, 'Terri', 'Lee', '256', '1990-05-01 00:00:00', '000', 'Admin', 4, 'USA', 53793);
INSERT INTO TBL_EMPLOYEE (EMP_NO, FIRST_NAME, LAST_NAME, PHONE_EXT, HIRE_DATE, DEPT_NO, JOB_CODE, JOB_GRADE, JOB_COUNTRY, SALARY)
              VALUES (14, 'Stewart', 'Hall', '227', '1990-06-04 00:00:00', '900', 'Finan', 3, 'USA', 69482.63);
INSERT INTO TBL_EMPLOYEE (EMP_NO, FIRST_NAME, LAST_NAME, PHONE_EXT, HIRE_DATE, DEPT_NO, JOB_CODE, JOB_GRADE, JOB_COUNTRY, SALARY)
              VALUES (15, 'Katherine', 'Young', '231', '1990-06-14 00:00:00', '623', 'Mngr', 3, 'USA', 67241.25);
INSERT INTO TBL_EMPLOYEE (EMP_NO, FIRST_NAME, LAST_NAME, PHONE_EXT, HIRE_DATE, DEPT_NO, JOB_CODE, JOB_GRADE, JOB_COUNTRY, SALARY)
              VALUES (20, 'Chris', 'Papadopoulos', '887', '1990-01-01 00:00:00', '671', 'Mngr', 3, 'USA', 89655);
INSERT INTO TBL_EMPLOYEE (EMP_NO, FIRST_NAME, LAST_NAME, PHONE_EXT, HIRE_DATE, DEPT_NO, JOB_CODE, JOB_GRADE, JOB_COUNTRY, SALARY)
              VALUES (24, 'Pete', 'Fisher', '888', '1990-09-12 00:00:00', '671', 'Eng', 3, 'USA', 81810.19);
INSERT INTO TBL_EMPLOYEE (EMP_NO, FIRST_NAME, LAST_NAME, PHONE_EXT, HIRE_DATE, DEPT_NO, JOB_CODE, JOB_GRADE, JOB_COUNTRY, SALARY)
              VALUES (28, 'Ann', 'Bennet', '5', '1991-02-01 00:00:00', '120', 'Admin', 5, 'England', 22935);
INSERT INTO TBL_EMPLOYEE (EMP_NO, FIRST_NAME, LAST_NAME, PHONE_EXT, HIRE_DATE, DEPT_NO, JOB_CODE, JOB_GRADE, JOB_COUNTRY, SALARY)
              VALUES (29, 'Roger', 'De Souza', '288', '1991-02-18 00:00:00', '623', 'Eng', 3, 'USA', 69482.63);
INSERT INTO TBL_EMPLOYEE (EMP_NO, FIRST_NAME, LAST_NAME, PHONE_EXT, HIRE_DATE, DEPT_NO, JOB_CODE, JOB_GRADE, JOB_COUNTRY, SALARY)
              VALUES (34, 'Janet', 'Baldwin', '2', '1991-03-21 00:00:00', '110', 'Sales', 3, 'USA', 61637.81);
INSERT INTO TBL_EMPLOYEE (EMP_NO, FIRST_NAME, LAST_NAME, PHONE_EXT, HIRE_DATE, DEPT_NO, JOB_CODE, JOB_GRADE, JOB_COUNTRY, SALARY)
              VALUES (36, 'Roger', 'Reeves', '6', '1991-04-25 00:00:00', '120', 'Sales', 3, 'England', 33620.63);
INSERT INTO TBL_EMPLOYEE (EMP_NO, FIRST_NAME, LAST_NAME, PHONE_EXT, HIRE_DATE, DEPT_NO, JOB_CODE, JOB_GRADE, JOB_COUNTRY, SALARY)
              VALUES (37, 'Willie', 'Stansbury', '7', '1991-04-25 00:00:00', '120', 'Eng', 4, 'England', 39224.06);
INSERT INTO TBL_EMPLOYEE (EMP_NO, FIRST_NAME, LAST_NAME, PHONE_EXT, HIRE_DATE, DEPT_NO, JOB_CODE, JOB_GRADE, JOB_COUNTRY, SALARY)
              VALUES (44, 'Leslie', 'Phong', '216', '1991-06-03 00:00:00', '623', 'Eng', 4, 'USA', 56034.38);
INSERT INTO TBL_EMPLOYEE (EMP_NO, FIRST_NAME, LAST_NAME, PHONE_EXT, HIRE_DATE, DEPT_NO, JOB_CODE, JOB_GRADE, JOB_COUNTRY, SALARY)
              VALUES (45, 'Ashok', 'Ramanathan', '209', '1991-08-01 00:00:00', '621', 'Eng', 3, 'USA', 80689.5);
INSERT INTO TBL_EMPLOYEE (EMP_NO, FIRST_NAME, LAST_NAME, PHONE_EXT, HIRE_DATE, DEPT_NO, JOB_CODE, JOB_GRADE, JOB_COUNTRY, SALARY)
              VALUES (46, 'Walter', 'Steadman', '210', '1991-08-09 00:00:00', '900', 'CFO', 1, 'USA', 116100);
INSERT INTO TBL_EMPLOYEE (EMP_NO, FIRST_NAME, LAST_NAME, PHONE_EXT, HIRE_DATE, DEPT_NO, JOB_CODE, JOB_GRADE, JOB_COUNTRY, SALARY)
              VALUES (52, 'Carol', 'Nordstrom', '420', '1991-10-02 00:00:00', '180', 'PRel', 4, 'USA', 42742.5);
INSERT INTO TBL_EMPLOYEE (EMP_NO, FIRST_NAME, LAST_NAME, PHONE_EXT, HIRE_DATE, DEPT_NO, JOB_CODE, JOB_GRADE, JOB_COUNTRY, SALARY)
              VALUES (61, 'Luke', 'Leung', '3', '1992-02-18 00:00:00', '110', 'SRep', 4, 'USA', 68805);
INSERT INTO TBL_EMPLOYEE (EMP_NO, FIRST_NAME, LAST_NAME, PHONE_EXT, HIRE_DATE, DEPT_NO, JOB_CODE, JOB_GRADE, JOB_COUNTRY, SALARY)
              VALUES (65, 'Sue Anne', 'O''Brien', '877', '1992-03-23 00:00:00', '670', 'Admin', 5, 'USA', 31275);
INSERT INTO TBL_EMPLOYEE (EMP_NO, FIRST_NAME, LAST_NAME, PHONE_EXT, HIRE_DATE, DEPT_NO, JOB_CODE, JOB_GRADE, JOB_COUNTRY, SALARY)
              VALUES (71, 'Jennifer M.', 'Burbank', '289', '1992-04-15 00:00:00', '622', 'Eng', 3, 'USA', 53167.5);
INSERT INTO TBL_EMPLOYEE (EMP_NO, FIRST_NAME, LAST_NAME, PHONE_EXT, HIRE_DATE, DEPT_NO, JOB_CODE, JOB_GRADE, JOB_COUNTRY, SALARY)
              VALUES (72, 'Claudia', 'Sutherland', NULL, '1992-04-20 00:00:00', '140', 'SRep', 4, 'Canada', 100914);
INSERT INTO TBL_EMPLOYEE (EMP_NO, FIRST_NAME, LAST_NAME, PHONE_EXT, HIRE_DATE, DEPT_NO, JOB_CODE, JOB_GRADE, JOB_COUNTRY, SALARY)
              VALUES (83, 'Dana', 'Bishop', '290', '1992-06-01 00:00:00', '621', 'Eng', 3, 'USA', 62550);
INSERT INTO TBL_EMPLOYEE (EMP_NO, FIRST_NAME, LAST_NAME, PHONE_EXT, HIRE_DATE, DEPT_NO, JOB_CODE, JOB_GRADE, JOB_COUNTRY, SALARY)
              VALUES (85, 'Mary S.', 'MacDonald', '477', '1992-06-01 00:00:00', '100', 'VP', 2, 'USA', 111262.5);
INSERT INTO TBL_EMPLOYEE (EMP_NO, FIRST_NAME, LAST_NAME, PHONE_EXT, HIRE_DATE, DEPT_NO, JOB_CODE, JOB_GRADE, JOB_COUNTRY, SALARY)
              VALUES (94, 'Randy', 'Williams', '892', '1992-08-08 00:00:00', '672', 'Mngr', 4, 'USA', 56295);
INSERT INTO TBL_EMPLOYEE (EMP_NO, FIRST_NAME, LAST_NAME, PHONE_EXT, HIRE_DATE, DEPT_NO, JOB_CODE, JOB_GRADE, JOB_COUNTRY, SALARY)
              VALUES (105, 'Oliver H.', 'Bender', '255', '1992-10-08 00:00:00', '000', 'CEO', 1, 'USA', 212850);
INSERT INTO TBL_EMPLOYEE (EMP_NO, FIRST_NAME, LAST_NAME, PHONE_EXT, HIRE_DATE, DEPT_NO, JOB_CODE, JOB_GRADE, JOB_COUNTRY, SALARY)
              VALUES (107, 'Kevin', 'Cook', '894', '1993-02-01 00:00:00', '670', 'Dir', 2, 'USA', 111262.5);
INSERT INTO TBL_EMPLOYEE (EMP_NO, FIRST_NAME, LAST_NAME, PHONE_EXT, HIRE_DATE, DEPT_NO, JOB_CODE, JOB_GRADE, JOB_COUNTRY, SALARY)
              VALUES (109, 'Kelly', 'Brown', '202', '1993-02-04 00:00:00', '600', 'Admin', 5, 'USA', 27000);
INSERT INTO TBL_EMPLOYEE (EMP_NO, FIRST_NAME, LAST_NAME, PHONE_EXT, HIRE_DATE, DEPT_NO, JOB_CODE, JOB_GRADE, JOB_COUNTRY, SALARY)
              VALUES (110, 'Yuki', 'Ichida', '22', '1993-02-04 00:00:00', '115', 'Eng', 3, 'Japan', 6000000);
INSERT INTO TBL_EMPLOYEE (EMP_NO, FIRST_NAME, LAST_NAME, PHONE_EXT, HIRE_DATE, DEPT_NO, JOB_CODE, JOB_GRADE, JOB_COUNTRY, SALARY)
              VALUES (113, 'Mary', 'Page', '845', '1993-04-12 00:00:00', '671', 'Eng', 4, 'USA', 48000);
INSERT INTO TBL_EMPLOYEE (EMP_NO, FIRST_NAME, LAST_NAME, PHONE_EXT, HIRE_DATE, DEPT_NO, JOB_CODE, JOB_GRADE, JOB_COUNTRY, SALARY)
              VALUES (114, 'Bill', 'Parker', '247', '1993-06-01 00:00:00', '623', 'Eng', 5, 'USA', 35000);
INSERT INTO TBL_EMPLOYEE (EMP_NO, FIRST_NAME, LAST_NAME, PHONE_EXT, HIRE_DATE, DEPT_NO, JOB_CODE, JOB_GRADE, JOB_COUNTRY, SALARY)
              VALUES (118, 'Takashi', 'Yamamoto', '23', '1993-07-01 00:00:00', '115', 'SRep', 4, 'Japan', 7480000);
INSERT INTO TBL_EMPLOYEE (EMP_NO, FIRST_NAME, LAST_NAME, PHONE_EXT, HIRE_DATE, DEPT_NO, JOB_CODE, JOB_GRADE, JOB_COUNTRY, SALARY)
              VALUES (121, 'Roberto', 'Ferrari', '1', '1993-07-12 00:00:00', '125', 'SRep', 4, 'Italy', 33000);
INSERT INTO TBL_EMPLOYEE (EMP_NO, FIRST_NAME, LAST_NAME, PHONE_EXT, HIRE_DATE, DEPT_NO, JOB_CODE, JOB_GRADE, JOB_COUNTRY, SALARY)
              VALUES (127, 'Michael', 'Yanowski', '492', '1993-08-09 00:00:00', '100', 'SRep', 4, 'USA', 44000);
INSERT INTO TBL_EMPLOYEE (EMP_NO, FIRST_NAME, LAST_NAME, PHONE_EXT, HIRE_DATE, DEPT_NO, JOB_CODE, JOB_GRADE, JOB_COUNTRY, SALARY)
              VALUES (134, 'Jacques', 'Glon', NULL, '1993-08-23 00:00:00', '123', 'SRep', 4, 'France', 38500);
INSERT INTO TBL_EMPLOYEE (EMP_NO, FIRST_NAME, LAST_NAME, PHONE_EXT, HIRE_DATE, DEPT_NO, JOB_CODE, JOB_GRADE, JOB_COUNTRY, SALARY)
              VALUES (136, 'Scott', 'Johnson', '265', '1993-09-13 00:00:00', '623', 'Doc', 3, 'USA', 60000);
INSERT INTO TBL_EMPLOYEE (EMP_NO, FIRST_NAME, LAST_NAME, PHONE_EXT, HIRE_DATE, DEPT_NO, JOB_CODE, JOB_GRADE, JOB_COUNTRY, SALARY)
              VALUES (138, 'T.J.', 'Green', '218', '1993-11-01 00:00:00', '621', 'Eng', 4, 'USA', 36000);
INSERT INTO TBL_EMPLOYEE (EMP_NO, FIRST_NAME, LAST_NAME, PHONE_EXT, HIRE_DATE, DEPT_NO, JOB_CODE, JOB_GRADE, JOB_COUNTRY, SALARY)
              VALUES (141, 'Pierre', 'Osborne', NULL, '1994-01-03 00:00:00', '121', 'SRep', 4, 'Switzerland', 110000);
INSERT INTO TBL_EMPLOYEE (EMP_NO, FIRST_NAME, LAST_NAME, PHONE_EXT, HIRE_DATE, DEPT_NO, JOB_CODE, JOB_GRADE, JOB_COUNTRY, SALARY)
              VALUES (144, 'John', 'Montgomery', '820', '1994-03-30 00:00:00', '672', 'Eng', 5, 'USA', 35000);
INSERT INTO TBL_EMPLOYEE (EMP_NO, FIRST_NAME, LAST_NAME, PHONE_EXT, HIRE_DATE, DEPT_NO, JOB_CODE, JOB_GRADE, JOB_COUNTRY, SALARY)
              VALUES (145, 'Mark', 'Guckenheimer', '221', '1994-05-02 00:00:00', '622', 'Eng', 5, 'USA', 32000);
            
            
UPDATE TBL_EMPLOYEE 
   SET FULL_NAME = FIRST_NAME || ' ' || LAST_NAME;            
            
--

INSERT INTO TBL_CUSTOMER (CUST_NO, CUSTOMER, CONTACT_FIRST, CONTACT_LAST, PHONE_NO, ADDRESS_LINE1, ADDRESS_LINE2, CITY, STATE_PROVINCE, COUNTRY, POSTAL_CODE, ON_HOLD)
              VALUES (1001, 'Signature Design', 'Dale J.', 'Little', '(619) 530-2710', '15500 Pacific Heights Blvd.', NULL, 'San Diego', 'CA', 'USA', '92121', NULL);
INSERT INTO TBL_CUSTOMER (CUST_NO, CUSTOMER, CONTACT_FIRST, CONTACT_LAST, PHONE_NO, ADDRESS_LINE1, ADDRESS_LINE2, CITY, STATE_PROVINCE, COUNTRY, POSTAL_CODE, ON_HOLD)
              VALUES (1002, 'Dallas Technologies', 'Glen', 'Brown', '(214) 960-2233', 'P. O. Box 47000', NULL, 'Dallas', 'TX', 'USA', '75205', '*');
INSERT INTO TBL_CUSTOMER (CUST_NO, CUSTOMER, CONTACT_FIRST, CONTACT_LAST, PHONE_NO, ADDRESS_LINE1, ADDRESS_LINE2, CITY, STATE_PROVINCE, COUNTRY, POSTAL_CODE, ON_HOLD)
              VALUES (1003, 'Buttle, Griffith and Co.', 'James', 'Buttle', '(617) 488-1864', '2300 Newbury Street', 'Suite 101', 'Boston', 'MA', 'USA', '02115', NULL);
INSERT INTO TBL_CUSTOMER (CUST_NO, CUSTOMER, CONTACT_FIRST, CONTACT_LAST, PHONE_NO, ADDRESS_LINE1, ADDRESS_LINE2, CITY, STATE_PROVINCE, COUNTRY, POSTAL_CODE, ON_HOLD)
              VALUES (1004, 'Central Bank', 'Elizabeth', 'Brocket', '61 211 99 88', '66 Lloyd Street', NULL, 'Manchester', NULL, 'England', 'M2 3LA', NULL);
INSERT INTO TBL_CUSTOMER (CUST_NO, CUSTOMER, CONTACT_FIRST, CONTACT_LAST, PHONE_NO, ADDRESS_LINE1, ADDRESS_LINE2, CITY, STATE_PROVINCE, COUNTRY, POSTAL_CODE, ON_HOLD)
              VALUES (1005, 'DT Systems, LTD.', 'Tai', 'Wu', '(852) 850 43 98', '400 Connaught Road', NULL, 'Central Hong Kong', NULL, 'Hong Kong', NULL, NULL);
INSERT INTO TBL_CUSTOMER (CUST_NO, CUSTOMER, CONTACT_FIRST, CONTACT_LAST, PHONE_NO, ADDRESS_LINE1, ADDRESS_LINE2, CITY, STATE_PROVINCE, COUNTRY, POSTAL_CODE, ON_HOLD)
              VALUES (1006, 'DataServe International', 'Tomas', 'Bright', '(613) 229 3323', '2000 Carling Avenue', 'Suite 150', 'Ottawa', 'ON', 'Canada', 'K1V 9G1', NULL);
INSERT INTO TBL_CUSTOMER (CUST_NO, CUSTOMER, CONTACT_FIRST, CONTACT_LAST, PHONE_NO, ADDRESS_LINE1, ADDRESS_LINE2, CITY, STATE_PROVINCE, COUNTRY, POSTAL_CODE, ON_HOLD)
              VALUES (1007, 'Mrs. Beauvais', NULL, 'Mrs. Beauvais', NULL, 'P.O. Box 22743', NULL, 'Pebble Beach', 'CA', 'USA', '93953', NULL);
INSERT INTO TBL_CUSTOMER (CUST_NO, CUSTOMER, CONTACT_FIRST, CONTACT_LAST, PHONE_NO, ADDRESS_LINE1, ADDRESS_LINE2, CITY, STATE_PROVINCE, COUNTRY, POSTAL_CODE, ON_HOLD)
              VALUES (1008, 'Anini Vacation Rentals', 'Leilani', 'Briggs', '(808) 835-7605', '3320 Lawai Road', NULL, 'Lihue', 'HI', 'USA', '96766', NULL);
INSERT INTO TBL_CUSTOMER (CUST_NO, CUSTOMER, CONTACT_FIRST, CONTACT_LAST, PHONE_NO, ADDRESS_LINE1, ADDRESS_LINE2, CITY, STATE_PROVINCE, COUNTRY, POSTAL_CODE, ON_HOLD)
              VALUES (1009, 'Max', 'Max', NULL, '22 01 23', '1 Emerald Cove', NULL, 'Turtle Island', NULL, 'Fiji', NULL, '*');
INSERT INTO TBL_CUSTOMER (CUST_NO, CUSTOMER, CONTACT_FIRST, CONTACT_LAST, PHONE_NO, ADDRESS_LINE1, ADDRESS_LINE2, CITY, STATE_PROVINCE, COUNTRY, POSTAL_CODE, ON_HOLD)
              VALUES (1010, 'MPM Corporation', 'Miwako', 'Miyamoto', '3 880 77 19', '2-64-7 Sasazuka', NULL, 'Tokyo', NULL, 'Japan', '150', NULL);
INSERT INTO TBL_CUSTOMER (CUST_NO, CUSTOMER, CONTACT_FIRST, CONTACT_LAST, PHONE_NO, ADDRESS_LINE1, ADDRESS_LINE2, CITY, STATE_PROVINCE, COUNTRY, POSTAL_CODE, ON_HOLD)
              VALUES (1011, 'Dynamic Intelligence Corp', 'Victor', 'Granges', '01 221 16 50', 'Florhofgasse 10', NULL, 'Zurich', NULL, 'Switzerland', '8005', NULL);
INSERT INTO TBL_CUSTOMER (CUST_NO, CUSTOMER, CONTACT_FIRST, CONTACT_LAST, PHONE_NO, ADDRESS_LINE1, ADDRESS_LINE2, CITY, STATE_PROVINCE, COUNTRY, POSTAL_CODE, ON_HOLD)
              VALUES (1012, '3D-Pad Corp.', 'Michelle', 'Roche', '1 43 60 61', '22 Place de la Concorde', NULL, 'Paris', NULL, 'France', '75008', NULL);
INSERT INTO TBL_CUSTOMER (CUST_NO, CUSTOMER, CONTACT_FIRST, CONTACT_LAST, PHONE_NO, ADDRESS_LINE1, ADDRESS_LINE2, CITY, STATE_PROVINCE, COUNTRY, POSTAL_CODE, ON_HOLD)
              VALUES (1013, 'Lorenzi Export, Ltd.', 'Andreas', 'Lorenzi', '02 404 6284', 'Via Eugenia, 15', NULL, 'Milan', NULL, 'Italy', '20124', NULL);
INSERT INTO TBL_CUSTOMER (CUST_NO, CUSTOMER, CONTACT_FIRST, CONTACT_LAST, PHONE_NO, ADDRESS_LINE1, ADDRESS_LINE2, CITY, STATE_PROVINCE, COUNTRY, POSTAL_CODE, ON_HOLD)
              VALUES (1014, 'Dyno Consulting', 'Greta', 'Hessels', '02 500 5940', 'Rue Royale 350', NULL, 'Brussels', NULL, 'Belgium', '1210', NULL);
INSERT INTO TBL_CUSTOMER (CUST_NO, CUSTOMER, CONTACT_FIRST, CONTACT_LAST, PHONE_NO, ADDRESS_LINE1, ADDRESS_LINE2, CITY, STATE_PROVINCE, COUNTRY, POSTAL_CODE, ON_HOLD)
              VALUES (1015, 'GeoTech Inc.', 'K.M.', 'Neppelenbroek', '(070) 44 91 18', 'P.0.Box 702', NULL, 'Den Haag', NULL, 'Netherlands', '2514', NULL);

--
            
INSERT INTO TBL_SALARY_HISTORY (EMP_NO, CHANGE_DATE, UPDATER_ID, OLD_SALARY, PERCENT_CHANGE)
                    VALUES (28, '1992-12-15 00:00:00', 'admin2', 20000, 10);
INSERT INTO TBL_SALARY_HISTORY (EMP_NO, CHANGE_DATE, UPDATER_ID, OLD_SALARY, PERCENT_CHANGE)
                    VALUES (2, '1992-12-15 00:00:00', 'admin2', 98000, 8.0612);
INSERT INTO TBL_SALARY_HISTORY (EMP_NO, CHANGE_DATE, UPDATER_ID, OLD_SALARY, PERCENT_CHANGE)
                    VALUES (4, '1992-12-15 00:00:00', 'admin2', 90000, 8.3333);
INSERT INTO TBL_SALARY_HISTORY (EMP_NO, CHANGE_DATE, UPDATER_ID, OLD_SALARY, PERCENT_CHANGE)
                    VALUES (5, '1992-12-15 00:00:00', 'admin2', 95000, 8.1578);
INSERT INTO TBL_SALARY_HISTORY (EMP_NO, CHANGE_DATE, UPDATER_ID, OLD_SALARY, PERCENT_CHANGE)
                    VALUES (11, '1992-12-15 00:00:00', 'admin2', 70000, 7.5);
INSERT INTO TBL_SALARY_HISTORY (EMP_NO, CHANGE_DATE, UPDATER_ID, OLD_SALARY, PERCENT_CHANGE)
                    VALUES (12, '1992-12-15 00:00:00', 'admin2', 48000, 7.5);
INSERT INTO TBL_SALARY_HISTORY (EMP_NO, CHANGE_DATE, UPDATER_ID, OLD_SALARY, PERCENT_CHANGE)
                    VALUES (14, '1992-12-15 00:00:00', 'admin2', 62000, 7.5);
INSERT INTO TBL_SALARY_HISTORY (EMP_NO, CHANGE_DATE, UPDATER_ID, OLD_SALARY, PERCENT_CHANGE)
                    VALUES (15, '1992-12-15 00:00:00', 'admin2', 60000, 7.5);
INSERT INTO TBL_SALARY_HISTORY (EMP_NO, CHANGE_DATE, UPDATER_ID, OLD_SALARY, PERCENT_CHANGE)
                    VALUES (20, '1992-12-15 00:00:00', 'admin2', 80000, 7.5);
INSERT INTO TBL_SALARY_HISTORY (EMP_NO, CHANGE_DATE, UPDATER_ID, OLD_SALARY, PERCENT_CHANGE)
                    VALUES (24, '1992-12-15 00:00:00', 'admin2', 73000, 7.5);
INSERT INTO TBL_SALARY_HISTORY (EMP_NO, CHANGE_DATE, UPDATER_ID, OLD_SALARY, PERCENT_CHANGE)
                    VALUES (29, '1992-12-15 00:00:00', 'admin2', 62000, 7.5);
INSERT INTO TBL_SALARY_HISTORY (EMP_NO, CHANGE_DATE, UPDATER_ID, OLD_SALARY, PERCENT_CHANGE)
                    VALUES (34, '1992-12-15 00:00:00', 'admin2', 55000, 7.5);
INSERT INTO TBL_SALARY_HISTORY (EMP_NO, CHANGE_DATE, UPDATER_ID, OLD_SALARY, PERCENT_CHANGE)
                    VALUES (36, '1992-12-15 00:00:00', 'admin2', 30000, 7.5);
INSERT INTO TBL_SALARY_HISTORY (EMP_NO, CHANGE_DATE, UPDATER_ID, OLD_SALARY, PERCENT_CHANGE)
                    VALUES (37, '1992-12-15 00:00:00', 'admin2', 35000, 7.5);
INSERT INTO TBL_SALARY_HISTORY (EMP_NO, CHANGE_DATE, UPDATER_ID, OLD_SALARY, PERCENT_CHANGE)
                    VALUES (44, '1992-12-15 00:00:00', 'admin2', 50000, 7.5);
INSERT INTO TBL_SALARY_HISTORY (EMP_NO, CHANGE_DATE, UPDATER_ID, OLD_SALARY, PERCENT_CHANGE)
                    VALUES (45, '1992-12-15 00:00:00', 'admin2', 72000, 7.5);
INSERT INTO TBL_SALARY_HISTORY (EMP_NO, CHANGE_DATE, UPDATER_ID, OLD_SALARY, PERCENT_CHANGE)
                    VALUES (8, '1993-09-08 00:00:00', 'elaine', 62000, 4.25);
INSERT INTO TBL_SALARY_HISTORY (EMP_NO, CHANGE_DATE, UPDATER_ID, OLD_SALARY, PERCENT_CHANGE)
                    VALUES (9, '1993-09-08 00:00:00', 'elaine', 72000, 4.25);
INSERT INTO TBL_SALARY_HISTORY (EMP_NO, CHANGE_DATE, UPDATER_ID, OLD_SALARY, PERCENT_CHANGE)
                    VALUES (11, '1993-09-08 00:00:00', 'elaine', 75250, 4.25);
INSERT INTO TBL_SALARY_HISTORY (EMP_NO, CHANGE_DATE, UPDATER_ID, OLD_SALARY, PERCENT_CHANGE)
                    VALUES (12, '1993-09-08 00:00:00', 'elaine', 51600, 4.25);
INSERT INTO TBL_SALARY_HISTORY (EMP_NO, CHANGE_DATE, UPDATER_ID, OLD_SALARY, PERCENT_CHANGE)
                    VALUES (14, '1993-09-08 00:00:00', 'elaine', 66650, 4.25);
INSERT INTO TBL_SALARY_HISTORY (EMP_NO, CHANGE_DATE, UPDATER_ID, OLD_SALARY, PERCENT_CHANGE)
                    VALUES (15, '1993-09-08 00:00:00', 'elaine', 64500, 4.25);
INSERT INTO TBL_SALARY_HISTORY (EMP_NO, CHANGE_DATE, UPDATER_ID, OLD_SALARY, PERCENT_CHANGE)
                    VALUES (20, '1993-09-08 00:00:00', 'elaine', 86000, 4.25);
INSERT INTO TBL_SALARY_HISTORY (EMP_NO, CHANGE_DATE, UPDATER_ID, OLD_SALARY, PERCENT_CHANGE)
                    VALUES (24, '1993-09-08 00:00:00', 'elaine', 78475, 4.25);
INSERT INTO TBL_SALARY_HISTORY (EMP_NO, CHANGE_DATE, UPDATER_ID, OLD_SALARY, PERCENT_CHANGE)
                    VALUES (28, '1993-09-08 00:00:00', 'elaine', 22000, 4.25);
INSERT INTO TBL_SALARY_HISTORY (EMP_NO, CHANGE_DATE, UPDATER_ID, OLD_SALARY, PERCENT_CHANGE)
                    VALUES (29, '1993-09-08 00:00:00', 'elaine', 66650, 4.25);
INSERT INTO TBL_SALARY_HISTORY (EMP_NO, CHANGE_DATE, UPDATER_ID, OLD_SALARY, PERCENT_CHANGE)
                    VALUES (34, '1993-09-08 00:00:00', 'elaine', 59125, 4.2499);
INSERT INTO TBL_SALARY_HISTORY (EMP_NO, CHANGE_DATE, UPDATER_ID, OLD_SALARY, PERCENT_CHANGE)
                    VALUES (36, '1993-09-08 00:00:00', 'elaine', 32250, 4.25);
INSERT INTO TBL_SALARY_HISTORY (EMP_NO, CHANGE_DATE, UPDATER_ID, OLD_SALARY, PERCENT_CHANGE)
                    VALUES (37, '1993-09-08 00:00:00', 'elaine', 37625, 4.2499);
INSERT INTO TBL_SALARY_HISTORY (EMP_NO, CHANGE_DATE, UPDATER_ID, OLD_SALARY, PERCENT_CHANGE)
                    VALUES (44, '1993-09-08 00:00:00', 'elaine', 53750, 4.25);
INSERT INTO TBL_SALARY_HISTORY (EMP_NO, CHANGE_DATE, UPDATER_ID, OLD_SALARY, PERCENT_CHANGE)
                    VALUES (45, '1993-09-08 00:00:00', 'elaine', 77400, 4.25);
INSERT INTO TBL_SALARY_HISTORY (EMP_NO, CHANGE_DATE, UPDATER_ID, OLD_SALARY, PERCENT_CHANGE)
                    VALUES (52, '1993-09-08 00:00:00', 'elaine', 41000, 4.25);
INSERT INTO TBL_SALARY_HISTORY (EMP_NO, CHANGE_DATE, UPDATER_ID, OLD_SALARY, PERCENT_CHANGE)
                    VALUES (61, '1993-09-08 00:00:00', 'elaine', 60000, 4.25);
INSERT INTO TBL_SALARY_HISTORY (EMP_NO, CHANGE_DATE, UPDATER_ID, OLD_SALARY, PERCENT_CHANGE)
                    VALUES (65, '1993-09-08 00:00:00', 'elaine', 30000, 4.25);
INSERT INTO TBL_SALARY_HISTORY (EMP_NO, CHANGE_DATE, UPDATER_ID, OLD_SALARY, PERCENT_CHANGE)
                    VALUES (71, '1993-09-08 00:00:00', 'elaine', 51000, 4.25);
INSERT INTO TBL_SALARY_HISTORY (EMP_NO, CHANGE_DATE, UPDATER_ID, OLD_SALARY, PERCENT_CHANGE)
                    VALUES (72, '1993-09-08 00:00:00', 'elaine', 88000, 4.25);
INSERT INTO TBL_SALARY_HISTORY (EMP_NO, CHANGE_DATE, UPDATER_ID, OLD_SALARY, PERCENT_CHANGE)
                    VALUES (83, '1993-09-08 00:00:00', 'elaine', 60000, 4.25);
INSERT INTO TBL_SALARY_HISTORY (EMP_NO, CHANGE_DATE, UPDATER_ID, OLD_SALARY, PERCENT_CHANGE)
                    VALUES (94, '1993-09-08 00:00:00', 'elaine', 54000, 4.25);
INSERT INTO TBL_SALARY_HISTORY (EMP_NO, CHANGE_DATE, UPDATER_ID, OLD_SALARY, PERCENT_CHANGE)
                    VALUES (46, '1993-12-20 00:00:00', 'tj', 120000, -3.25);
INSERT INTO TBL_SALARY_HISTORY (EMP_NO, CHANGE_DATE, UPDATER_ID, OLD_SALARY, PERCENT_CHANGE)
                    VALUES (85, '1993-12-20 00:00:00', 'tj', 115000, -3.25);
INSERT INTO TBL_SALARY_HISTORY (EMP_NO, CHANGE_DATE, UPDATER_ID, OLD_SALARY, PERCENT_CHANGE)
                    VALUES (105, '1993-12-20 00:00:00', 'tj', 220000, -3.25);
INSERT INTO TBL_SALARY_HISTORY (EMP_NO, CHANGE_DATE, UPDATER_ID, OLD_SALARY, PERCENT_CHANGE)
                    VALUES (107, '1993-12-20 00:00:00', 'tj', 115000, -3.25);
INSERT INTO TBL_SALARY_HISTORY (EMP_NO, CHANGE_DATE, UPDATER_ID, OLD_SALARY, PERCENT_CHANGE)
                    VALUES (11, '1993-12-20 00:00:00', 'elaine', 78448.13, 9.9999);
INSERT INTO TBL_SALARY_HISTORY (EMP_NO, CHANGE_DATE, UPDATER_ID, OLD_SALARY, PERCENT_CHANGE)
                    VALUES (61, '1993-12-20 00:00:00', 'elaine', 62550, 10);
INSERT INTO TBL_SALARY_HISTORY (EMP_NO, CHANGE_DATE, UPDATER_ID, OLD_SALARY, PERCENT_CHANGE)
                    VALUES (72, '1993-12-20 00:00:00', 'elaine', 91740, 10);
INSERT INTO TBL_SALARY_HISTORY (EMP_NO, CHANGE_DATE, UPDATER_ID, OLD_SALARY, PERCENT_CHANGE)
                    VALUES (118, '1993-12-20 00:00:00', 'elaine', 6800000, 10);
INSERT INTO TBL_SALARY_HISTORY (EMP_NO, CHANGE_DATE, UPDATER_ID, OLD_SALARY, PERCENT_CHANGE)
                    VALUES (121, '1993-12-20 00:00:00', 'elaine', 30000, 10);
INSERT INTO TBL_SALARY_HISTORY (EMP_NO, CHANGE_DATE, UPDATER_ID, OLD_SALARY, PERCENT_CHANGE)
                    VALUES (127, '1993-12-20 00:00:00', 'elaine', 40000, 10);
INSERT INTO TBL_SALARY_HISTORY (EMP_NO, CHANGE_DATE, UPDATER_ID, OLD_SALARY, PERCENT_CHANGE)
                    VALUES (134, '1993-12-20 00:00:00', 'elaine', 35000, 10);
--
INSERT INTO TBL_SALES (PO_NUMBER, CUST_NO, SALES_REP, ORDER_STATUS, ORDER_DATE, SHIP_DATE, DATE_NEEDED, PAID, QTY_ORDERED, TOTAL_VALUE, DISCOUNT, ITEM_TYPE)
           VALUES ('V91E0210', 1004, 11, 'shipped', '1991-03-04 00:00:00', '1991-03-05 00:00:00', NULL, 'y', 10, 5000, 0.100000001490116, 'hardware');
INSERT INTO TBL_SALES (PO_NUMBER, CUST_NO, SALES_REP, ORDER_STATUS, ORDER_DATE, SHIP_DATE, DATE_NEEDED, PAID, QTY_ORDERED, TOTAL_VALUE, DISCOUNT, ITEM_TYPE)
           VALUES ('V92E0340', 1004, 11, 'shipped', '1992-10-15 00:00:00', '1992-10-16 00:00:00', '1992-10-17 00:00:00', 'y', 7, 70000, 0, 'hardware');
INSERT INTO TBL_SALES (PO_NUMBER, CUST_NO, SALES_REP, ORDER_STATUS, ORDER_DATE, SHIP_DATE, DATE_NEEDED, PAID, QTY_ORDERED, TOTAL_VALUE, DISCOUNT, ITEM_TYPE)
           VALUES ('V92J1003', 1010, 61, 'shipped', '1992-07-26 00:00:00', '1992-08-04 00:00:00', '1992-09-15 00:00:00', 'y', 15, 2985, 0, 'software');
INSERT INTO TBL_SALES (PO_NUMBER, CUST_NO, SALES_REP, ORDER_STATUS, ORDER_DATE, SHIP_DATE, DATE_NEEDED, PAID, QTY_ORDERED, TOTAL_VALUE, DISCOUNT, ITEM_TYPE)
           VALUES ('V93J2004', 1010, 118, 'shipped', '1993-10-30 00:00:00', '1993-12-02 00:00:00', '1993-11-15 00:00:00', 'y', 3, 210, 0, 'software');
INSERT INTO TBL_SALES (PO_NUMBER, CUST_NO, SALES_REP, ORDER_STATUS, ORDER_DATE, SHIP_DATE, DATE_NEEDED, PAID, QTY_ORDERED, TOTAL_VALUE, DISCOUNT, ITEM_TYPE)
           VALUES ('V93J3100', 1010, 118, 'shipped', '1993-08-20 00:00:00', '1993-08-20 00:00:00', NULL, 'y', 16, 18000.4, 0.100000001490116, 'software');
INSERT INTO TBL_SALES (PO_NUMBER, CUST_NO, SALES_REP, ORDER_STATUS, ORDER_DATE, SHIP_DATE, DATE_NEEDED, PAID, QTY_ORDERED, TOTAL_VALUE, DISCOUNT, ITEM_TYPE)
           VALUES ('V92F3004', 1012, 11, 'shipped', '1992-10-15 00:00:00', '1993-01-16 00:00:00', '1993-01-16 00:00:00', 'y', 3, 2000, 0, 'software');
INSERT INTO TBL_SALES (PO_NUMBER, CUST_NO, SALES_REP, ORDER_STATUS, ORDER_DATE, SHIP_DATE, DATE_NEEDED, PAID, QTY_ORDERED, TOTAL_VALUE, DISCOUNT, ITEM_TYPE)
           VALUES ('V93F3088', 1012, 134, 'shipped', '1993-08-27 00:00:00', '1993-09-08 00:00:00', NULL, 'n', 10, 10000, 0, 'software');
INSERT INTO TBL_SALES (PO_NUMBER, CUST_NO, SALES_REP, ORDER_STATUS, ORDER_DATE, SHIP_DATE, DATE_NEEDED, PAID, QTY_ORDERED, TOTAL_VALUE, DISCOUNT, ITEM_TYPE)
           VALUES ('V93F2030', 1012, 134, 'open', '1993-12-12 00:00:00', NULL, NULL, 'y', 15, 450000.49, 0, 'hardware');
INSERT INTO TBL_SALES (PO_NUMBER, CUST_NO, SALES_REP, ORDER_STATUS, ORDER_DATE, SHIP_DATE, DATE_NEEDED, PAID, QTY_ORDERED, TOTAL_VALUE, DISCOUNT, ITEM_TYPE)
           VALUES ('V93F2051', 1012, 134, 'waiting', '1993-12-18 00:00:00', NULL, '1994-03-01 00:00:00', 'n', 1, 999.98, 0, 'software');
INSERT INTO TBL_SALES (PO_NUMBER, CUST_NO, SALES_REP, ORDER_STATUS, ORDER_DATE, SHIP_DATE, DATE_NEEDED, PAID, QTY_ORDERED, TOTAL_VALUE, DISCOUNT, ITEM_TYPE)
           VALUES ('V93H0030', 1005, 118, 'open', '1993-12-12 00:00:00', NULL, '1994-01-01 00:00:00', 'y', 20, 5980, 0.200000002980232, 'software');
INSERT INTO TBL_SALES (PO_NUMBER, CUST_NO, SALES_REP, ORDER_STATUS, ORDER_DATE, SHIP_DATE, DATE_NEEDED, PAID, QTY_ORDERED, TOTAL_VALUE, DISCOUNT, ITEM_TYPE)
           VALUES ('V94H0079', 1005, 61, 'open', '1994-02-13 00:00:00', NULL, '1994-04-20 00:00:00', 'n', 10, 9000, 0.0500000007450581, 'software');
INSERT INTO TBL_SALES (PO_NUMBER, CUST_NO, SALES_REP, ORDER_STATUS, ORDER_DATE, SHIP_DATE, DATE_NEEDED, PAID, QTY_ORDERED, TOTAL_VALUE, DISCOUNT, ITEM_TYPE)
           VALUES ('V9324200', 1001, 72, 'shipped', '1993-08-09 00:00:00', '1993-08-09 00:00:00', '1993-08-17 00:00:00', 'y', 1000, 560000, 0.200000002980232, 'hardware');
INSERT INTO TBL_SALES (PO_NUMBER, CUST_NO, SALES_REP, ORDER_STATUS, ORDER_DATE, SHIP_DATE, DATE_NEEDED, PAID, QTY_ORDERED, TOTAL_VALUE, DISCOUNT, ITEM_TYPE)
           VALUES ('V9324320', 1001, 127, 'shipped', '1993-08-16 00:00:00', '1993-08-16 00:00:00', '1993-09-01 00:00:00', 'y', 1, 0, 1, 'software');
INSERT INTO TBL_SALES (PO_NUMBER, CUST_NO, SALES_REP, ORDER_STATUS, ORDER_DATE, SHIP_DATE, DATE_NEEDED, PAID, QTY_ORDERED, TOTAL_VALUE, DISCOUNT, ITEM_TYPE)
           VALUES ('V9320630', 1001, 127, 'open', '1993-12-12 00:00:00', NULL, '1993-12-15 00:00:00', 'n', 3, 60000, 0.200000002980232, 'hardware');
INSERT INTO TBL_SALES (PO_NUMBER, CUST_NO, SALES_REP, ORDER_STATUS, ORDER_DATE, SHIP_DATE, DATE_NEEDED, PAID, QTY_ORDERED, TOTAL_VALUE, DISCOUNT, ITEM_TYPE)
           VALUES ('V9420099', 1001, 127, 'open', '1994-01-17 00:00:00', NULL, '1994-06-01 00:00:00', 'n', 100, 3399.15, 0.150000005960464, 'software');
INSERT INTO TBL_SALES (PO_NUMBER, CUST_NO, SALES_REP, ORDER_STATUS, ORDER_DATE, SHIP_DATE, DATE_NEEDED, PAID, QTY_ORDERED, TOTAL_VALUE, DISCOUNT, ITEM_TYPE)
           VALUES ('V9427029', 1001, 127, 'shipped', '1994-02-07 00:00:00', '1994-02-10 00:00:00', '1994-02-10 00:00:00', 'n', 17, 422210.97, 0, 'hardware');
INSERT INTO TBL_SALES (PO_NUMBER, CUST_NO, SALES_REP, ORDER_STATUS, ORDER_DATE, SHIP_DATE, DATE_NEEDED, PAID, QTY_ORDERED, TOTAL_VALUE, DISCOUNT, ITEM_TYPE)
           VALUES ('V9333005', 1002, 11, 'shipped', '1993-02-03 00:00:00', '1993-03-03 00:00:00', NULL, 'y', 2, 600.5, 0, 'software');
INSERT INTO TBL_SALES (PO_NUMBER, CUST_NO, SALES_REP, ORDER_STATUS, ORDER_DATE, SHIP_DATE, DATE_NEEDED, PAID, QTY_ORDERED, TOTAL_VALUE, DISCOUNT, ITEM_TYPE)
           VALUES ('V9333006', 1002, 11, 'shipped', '1993-04-27 00:00:00', '1993-05-02 00:00:00', '1993-05-02 00:00:00', 'n', 5, 20000, 0, 'other');
INSERT INTO TBL_SALES (PO_NUMBER, CUST_NO, SALES_REP, ORDER_STATUS, ORDER_DATE, SHIP_DATE, DATE_NEEDED, PAID, QTY_ORDERED, TOTAL_VALUE, DISCOUNT, ITEM_TYPE)
           VALUES ('V9336100', 1002, 11, 'waiting', '1993-12-27 00:00:00', '1994-01-01 00:00:00', '1994-01-01 00:00:00', 'n', 150, 14850, 0.0500000007450581, 'software');
INSERT INTO TBL_SALES (PO_NUMBER, CUST_NO, SALES_REP, ORDER_STATUS, ORDER_DATE, SHIP_DATE, DATE_NEEDED, PAID, QTY_ORDERED, TOTAL_VALUE, DISCOUNT, ITEM_TYPE)
           VALUES ('V9346200', 1003, 11, 'waiting', '1993-12-31 00:00:00', NULL, '1994-01-24 00:00:00', 'n', 3, 0, 1, 'software');
INSERT INTO TBL_SALES (PO_NUMBER, CUST_NO, SALES_REP, ORDER_STATUS, ORDER_DATE, SHIP_DATE, DATE_NEEDED, PAID, QTY_ORDERED, TOTAL_VALUE, DISCOUNT, ITEM_TYPE)
           VALUES ('V9345200', 1003, 11, 'shipped', '1993-11-11 00:00:00', '1993-12-02 00:00:00', '1993-12-01 00:00:00', 'y', 900, 27000, 0.300000011920929, 'software');
INSERT INTO TBL_SALES (PO_NUMBER, CUST_NO, SALES_REP, ORDER_STATUS, ORDER_DATE, SHIP_DATE, DATE_NEEDED, PAID, QTY_ORDERED, TOTAL_VALUE, DISCOUNT, ITEM_TYPE)
           VALUES ('V9345139', 1003, 127, 'shipped', '1993-09-09 00:00:00', '1993-09-20 00:00:00', '1993-10-01 00:00:00', 'y', 20, 12582.12, 0.100000001490116, 'software');
INSERT INTO TBL_SALES (PO_NUMBER, CUST_NO, SALES_REP, ORDER_STATUS, ORDER_DATE, SHIP_DATE, DATE_NEEDED, PAID, QTY_ORDERED, TOTAL_VALUE, DISCOUNT, ITEM_TYPE)
           VALUES ('V93C0120', 1006, 72, 'shipped', '1993-03-22 00:00:00', '1993-05-31 00:00:00', '1993-04-17 00:00:00', 'y', 1, 47.5, 0, 'other');
INSERT INTO TBL_SALES (PO_NUMBER, CUST_NO, SALES_REP, ORDER_STATUS, ORDER_DATE, SHIP_DATE, DATE_NEEDED, PAID, QTY_ORDERED, TOTAL_VALUE, DISCOUNT, ITEM_TYPE)
           VALUES ('V93C0990', 1006, 72, 'shipped', '1993-08-09 00:00:00', '1993-09-02 00:00:00', NULL, 'y', 40, 399960.5, 0.100000001490116, 'hardware');
INSERT INTO TBL_SALES (PO_NUMBER, CUST_NO, SALES_REP, ORDER_STATUS, ORDER_DATE, SHIP_DATE, DATE_NEEDED, PAID, QTY_ORDERED, TOTAL_VALUE, DISCOUNT, ITEM_TYPE)
           VALUES ('V9456220', 1007, 127, 'open', '1994-01-04 00:00:00', NULL, '1994-01-30 00:00:00', 'y', 1, 3999.99, 0, 'hardware');
INSERT INTO TBL_SALES (PO_NUMBER, CUST_NO, SALES_REP, ORDER_STATUS, ORDER_DATE, SHIP_DATE, DATE_NEEDED, PAID, QTY_ORDERED, TOTAL_VALUE, DISCOUNT, ITEM_TYPE)
           VALUES ('V93S4702', 1011, 121, 'shipped', '1993-10-27 00:00:00', '1993-10-28 00:00:00', '1993-12-15 00:00:00', 'y', 4, 120000, 0, 'hardware');
INSERT INTO TBL_SALES (PO_NUMBER, CUST_NO, SALES_REP, ORDER_STATUS, ORDER_DATE, SHIP_DATE, DATE_NEEDED, PAID, QTY_ORDERED, TOTAL_VALUE, DISCOUNT, ITEM_TYPE)
           VALUES ('V94S6400', 1011, 141, 'waiting', '1994-01-06 00:00:00', NULL, '1994-02-15 00:00:00', 'y', 20, 1980.72, 0.400000005960464, 'software');
INSERT INTO TBL_SALES (PO_NUMBER, CUST_NO, SALES_REP, ORDER_STATUS, ORDER_DATE, SHIP_DATE, DATE_NEEDED, PAID, QTY_ORDERED, TOTAL_VALUE, DISCOUNT, ITEM_TYPE)
           VALUES ('V93H3009', 1008, 61, 'shipped', '1993-08-01 00:00:00', '1993-12-02 00:00:00', '1993-12-01 00:00:00', 'n', 3, 9000, 0.0500000007450581, 'software');
INSERT INTO TBL_SALES (PO_NUMBER, CUST_NO, SALES_REP, ORDER_STATUS, ORDER_DATE, SHIP_DATE, DATE_NEEDED, PAID, QTY_ORDERED, TOTAL_VALUE, DISCOUNT, ITEM_TYPE)
           VALUES ('V93H0500', 1008, 61, 'open', '1993-12-12 00:00:00', NULL, '1993-12-15 00:00:00', 'n', 3, 16000, 0.200000002980232, 'hardware');
INSERT INTO TBL_SALES (PO_NUMBER, CUST_NO, SALES_REP, ORDER_STATUS, ORDER_DATE, SHIP_DATE, DATE_NEEDED, PAID, QTY_ORDERED, TOTAL_VALUE, DISCOUNT, ITEM_TYPE)
           VALUES ('V93F0020', 1009, 61, 'shipped', '1993-10-10 00:00:00', '1993-11-11 00:00:00', '1993-11-11 00:00:00', 'n', 1, 490.69, 0, 'software');
INSERT INTO TBL_SALES (PO_NUMBER, CUST_NO, SALES_REP, ORDER_STATUS, ORDER_DATE, SHIP_DATE, DATE_NEEDED, PAID, QTY_ORDERED, TOTAL_VALUE, DISCOUNT, ITEM_TYPE)
           VALUES ('V93I4700', 1013, 121, 'open', '1993-10-27 00:00:00', NULL, '1993-12-15 00:00:00', 'n', 5, 2693, 0, 'hardware');
INSERT INTO TBL_SALES (PO_NUMBER, CUST_NO, SALES_REP, ORDER_STATUS, ORDER_DATE, SHIP_DATE, DATE_NEEDED, PAID, QTY_ORDERED, TOTAL_VALUE, DISCOUNT, ITEM_TYPE)
           VALUES ('V93B1002', 1014, 134, 'shipped', '1993-09-20 00:00:00', '1993-09-21 00:00:00', '1993-09-25 00:00:00', 'y', 1, 100.02, 0, 'software');
INSERT INTO TBL_SALES (PO_NUMBER, CUST_NO, SALES_REP, ORDER_STATUS, ORDER_DATE, SHIP_DATE, DATE_NEEDED, PAID, QTY_ORDERED, TOTAL_VALUE, DISCOUNT, ITEM_TYPE)
           VALUES ('V93N5822', 1015, 134, 'shipped', '1993-12-18 00:00:00', '1994-01-14 00:00:00', NULL, 'n', 2, 1500, 0, 'software');
--

INSERT INTO TBL_PROJECT (PROJ_ID, PROJ_NAME, PROJ_DESC, TEAM_LEADER, PRODUCT)
             VALUES ('VBASE', 'Video Database', 'Design a video data base management system for
controlling on-demand video distribution.', 45, 'software');
INSERT INTO TBL_PROJECT (PROJ_ID, PROJ_NAME, PROJ_DESC, TEAM_LEADER, PRODUCT)
             VALUES ('DGPII', 'DigiPizza', 'Develop second generation digital pizza maker
with flash-bake heating element and
digital ingredient measuring system.', 24, 'other');
INSERT INTO TBL_PROJECT (PROJ_ID, PROJ_NAME, PROJ_DESC, TEAM_LEADER, PRODUCT)
             VALUES ('GUIDE', 'AutoMap', 'Develop a prototype for the automobile version of
the hand-held map browsing device.', 20, 'hardware');
INSERT INTO TBL_PROJECT (PROJ_ID, PROJ_NAME, PROJ_DESC, TEAM_LEADER, PRODUCT)
             VALUES ('MAPDB', 'MapBrowser port', 'Port the map browsing database software to run
on the automobile model.', 4, 'software');
INSERT INTO TBL_PROJECT (PROJ_ID, PROJ_NAME, PROJ_DESC, TEAM_LEADER, PRODUCT)
             VALUES ('HWRII', 'Translator upgrade', 'Integrate the hand-writing recognition module into the
universal language translator.', NULL, 'software');
INSERT INTO TBL_PROJECT (PROJ_ID, PROJ_NAME, PROJ_DESC, TEAM_LEADER, PRODUCT)
             VALUES ('MKTPR', 'Marketing project 3', 'Expand marketing and sales in the Pacific Rim.
Set up a field office in Australia and Singapore.', 85, 'N/A');

--
INSERT INTO TBL_EMPLOYEE_PROJECT (EMP_NO, PROJ_ID)
                      VALUES (144, 'DGPII');
INSERT INTO TBL_EMPLOYEE_PROJECT (EMP_NO, PROJ_ID)
                      VALUES (113, 'DGPII');
INSERT INTO TBL_EMPLOYEE_PROJECT (EMP_NO, PROJ_ID)
                      VALUES (24, 'DGPII');
INSERT INTO TBL_EMPLOYEE_PROJECT (EMP_NO, PROJ_ID)
                      VALUES (8, 'VBASE');
INSERT INTO TBL_EMPLOYEE_PROJECT (EMP_NO, PROJ_ID)
                      VALUES (136, 'VBASE');
INSERT INTO TBL_EMPLOYEE_PROJECT (EMP_NO, PROJ_ID)
                      VALUES (15, 'VBASE');
INSERT INTO TBL_EMPLOYEE_PROJECT (EMP_NO, PROJ_ID)
                      VALUES (71, 'VBASE');
INSERT INTO TBL_EMPLOYEE_PROJECT (EMP_NO, PROJ_ID)
                      VALUES (145, 'VBASE');
INSERT INTO TBL_EMPLOYEE_PROJECT (EMP_NO, PROJ_ID)
                      VALUES (44, 'VBASE');
INSERT INTO TBL_EMPLOYEE_PROJECT (EMP_NO, PROJ_ID)
                      VALUES (4, 'VBASE');
INSERT INTO TBL_EMPLOYEE_PROJECT (EMP_NO, PROJ_ID)
                      VALUES (83, 'VBASE');
INSERT INTO TBL_EMPLOYEE_PROJECT (EMP_NO, PROJ_ID)
                      VALUES (138, 'VBASE');
INSERT INTO TBL_EMPLOYEE_PROJECT (EMP_NO, PROJ_ID)
                      VALUES (45, 'VBASE');
INSERT INTO TBL_EMPLOYEE_PROJECT (EMP_NO, PROJ_ID)
                      VALUES (20, 'GUIDE');
INSERT INTO TBL_EMPLOYEE_PROJECT (EMP_NO, PROJ_ID)
                      VALUES (24, 'GUIDE');
INSERT INTO TBL_EMPLOYEE_PROJECT (EMP_NO, PROJ_ID)
                      VALUES (113, 'GUIDE');
INSERT INTO TBL_EMPLOYEE_PROJECT (EMP_NO, PROJ_ID)
                      VALUES (8, 'GUIDE');
INSERT INTO TBL_EMPLOYEE_PROJECT (EMP_NO, PROJ_ID)
                      VALUES (4, 'MAPDB');
INSERT INTO TBL_EMPLOYEE_PROJECT (EMP_NO, PROJ_ID)
                      VALUES (71, 'MAPDB');
INSERT INTO TBL_EMPLOYEE_PROJECT (EMP_NO, PROJ_ID)
                      VALUES (46, 'MKTPR');
INSERT INTO TBL_EMPLOYEE_PROJECT (EMP_NO, PROJ_ID)
                      VALUES (105, 'MKTPR');
INSERT INTO TBL_EMPLOYEE_PROJECT (EMP_NO, PROJ_ID)
                      VALUES (12, 'MKTPR');
INSERT INTO TBL_EMPLOYEE_PROJECT (EMP_NO, PROJ_ID)
                      VALUES (85, 'MKTPR');
INSERT INTO TBL_EMPLOYEE_PROJECT (EMP_NO, PROJ_ID)
                      VALUES (110, 'MKTPR');
INSERT INTO TBL_EMPLOYEE_PROJECT (EMP_NO, PROJ_ID)
                      VALUES (34, 'MKTPR');
INSERT INTO TBL_EMPLOYEE_PROJECT (EMP_NO, PROJ_ID)
                      VALUES (8, 'MKTPR');
INSERT INTO TBL_EMPLOYEE_PROJECT (EMP_NO, PROJ_ID)
                      VALUES (14, 'MKTPR');
INSERT INTO TBL_EMPLOYEE_PROJECT (EMP_NO, PROJ_ID)
                      VALUES (52, 'MKTPR');

--

INSERT INTO TBL_PROJ_DEPT_BUDGET (FISCAL_YEAR, PROJ_ID, DEPT_NO, QUART_HEAD_CNT, PROJECTED_BUDGET)
                      VALUES (1994, 'GUIDE', '100', NULL, 200000);
INSERT INTO TBL_PROJ_DEPT_BUDGET (FISCAL_YEAR, PROJ_ID, DEPT_NO, QUART_HEAD_CNT, PROJECTED_BUDGET)
                      VALUES (1994, 'GUIDE', '671', NULL, 450000);
INSERT INTO TBL_PROJ_DEPT_BUDGET (FISCAL_YEAR, PROJ_ID, DEPT_NO, QUART_HEAD_CNT, PROJECTED_BUDGET)
                      VALUES (1993, 'MAPDB', '621', NULL, 20000);
INSERT INTO TBL_PROJ_DEPT_BUDGET (FISCAL_YEAR, PROJ_ID, DEPT_NO, QUART_HEAD_CNT, PROJECTED_BUDGET)
                      VALUES (1994, 'MAPDB', '621', NULL, 40000);
INSERT INTO TBL_PROJ_DEPT_BUDGET (FISCAL_YEAR, PROJ_ID, DEPT_NO, QUART_HEAD_CNT, PROJECTED_BUDGET)
                      VALUES (1994, 'MAPDB', '622', NULL, 60000);
INSERT INTO TBL_PROJ_DEPT_BUDGET (FISCAL_YEAR, PROJ_ID, DEPT_NO, QUART_HEAD_CNT, PROJECTED_BUDGET)
                      VALUES (1994, 'MAPDB', '671', NULL, 11000);
INSERT INTO TBL_PROJ_DEPT_BUDGET (FISCAL_YEAR, PROJ_ID, DEPT_NO, QUART_HEAD_CNT, PROJECTED_BUDGET)
                      VALUES (1994, 'HWRII', '670', NULL, 20000);
INSERT INTO TBL_PROJ_DEPT_BUDGET (FISCAL_YEAR, PROJ_ID, DEPT_NO, QUART_HEAD_CNT, PROJECTED_BUDGET)
                      VALUES (1994, 'HWRII', '621', NULL, 400000);
INSERT INTO TBL_PROJ_DEPT_BUDGET (FISCAL_YEAR, PROJ_ID, DEPT_NO, QUART_HEAD_CNT, PROJECTED_BUDGET)
                      VALUES (1994, 'HWRII', '622', NULL, 100000);
INSERT INTO TBL_PROJ_DEPT_BUDGET (FISCAL_YEAR, PROJ_ID, DEPT_NO, QUART_HEAD_CNT, PROJECTED_BUDGET)
                      VALUES (1994, 'MKTPR', '623', NULL, 80000);
INSERT INTO TBL_PROJ_DEPT_BUDGET (FISCAL_YEAR, PROJ_ID, DEPT_NO, QUART_HEAD_CNT, PROJECTED_BUDGET)
                      VALUES (1994, 'MKTPR', '672', NULL, 100000);
INSERT INTO TBL_PROJ_DEPT_BUDGET (FISCAL_YEAR, PROJ_ID, DEPT_NO, QUART_HEAD_CNT, PROJECTED_BUDGET)
                      VALUES (1994, 'MKTPR', '100', NULL, 1000000);
INSERT INTO TBL_PROJ_DEPT_BUDGET (FISCAL_YEAR, PROJ_ID, DEPT_NO, QUART_HEAD_CNT, PROJECTED_BUDGET)
                      VALUES (1994, 'MKTPR', '110', NULL, 200000);
INSERT INTO TBL_PROJ_DEPT_BUDGET (FISCAL_YEAR, PROJ_ID, DEPT_NO, QUART_HEAD_CNT, PROJECTED_BUDGET)
                      VALUES (1994, 'MKTPR', '000', NULL, 100000);
INSERT INTO TBL_PROJ_DEPT_BUDGET (FISCAL_YEAR, PROJ_ID, DEPT_NO, QUART_HEAD_CNT, PROJECTED_BUDGET)
                      VALUES (1995, 'MKTPR', '623', NULL, 1200000);
INSERT INTO TBL_PROJ_DEPT_BUDGET (FISCAL_YEAR, PROJ_ID, DEPT_NO, QUART_HEAD_CNT, PROJECTED_BUDGET)
                      VALUES (1995, 'MKTPR', '672', NULL, 800000);
INSERT INTO TBL_PROJ_DEPT_BUDGET (FISCAL_YEAR, PROJ_ID, DEPT_NO, QUART_HEAD_CNT, PROJECTED_BUDGET)
                      VALUES (1995, 'MKTPR', '100', NULL, 2000000);
INSERT INTO TBL_PROJ_DEPT_BUDGET (FISCAL_YEAR, PROJ_ID, DEPT_NO, QUART_HEAD_CNT, PROJECTED_BUDGET)
                      VALUES (1995, 'MKTPR', '110', NULL, 1200000);
INSERT INTO TBL_PROJ_DEPT_BUDGET (FISCAL_YEAR, PROJ_ID, DEPT_NO, QUART_HEAD_CNT, PROJECTED_BUDGET)
                      VALUES (1994, 'VBASE', '621', NULL, 1900000);
INSERT INTO TBL_PROJ_DEPT_BUDGET (FISCAL_YEAR, PROJ_ID, DEPT_NO, QUART_HEAD_CNT, PROJECTED_BUDGET)
                      VALUES (1995, 'VBASE', '621', NULL, 900000);
INSERT INTO TBL_PROJ_DEPT_BUDGET (FISCAL_YEAR, PROJ_ID, DEPT_NO, QUART_HEAD_CNT, PROJECTED_BUDGET)
                      VALUES (1994, 'VBASE', '622', NULL, 400000);
INSERT INTO TBL_PROJ_DEPT_BUDGET (FISCAL_YEAR, PROJ_ID, DEPT_NO, QUART_HEAD_CNT, PROJECTED_BUDGET)
                      VALUES (1994, 'VBASE', '100', NULL, 300000);
INSERT INTO TBL_PROJ_DEPT_BUDGET (FISCAL_YEAR, PROJ_ID, DEPT_NO, QUART_HEAD_CNT, PROJECTED_BUDGET)
                      VALUES (1995, 'VBASE', '100', NULL, 1500000);
INSERT INTO TBL_PROJ_DEPT_BUDGET (FISCAL_YEAR, PROJ_ID, DEPT_NO, QUART_HEAD_CNT, PROJECTED_BUDGET)
                      VALUES (1996, 'VBASE', '100', NULL, 150000);
                    
ALTER TABLE TBL_PROJ_DEPT_BUDGET
  DROP QUART_HEAD_CNT;

--

INSERT INTO tbl_job (job_code,job_grade,job_country,job_title,min_salary,max_salary,job_requirement,language_req) VALUES ('CEO',1,'USA','Chief Executive Officer',130000.00,250000.00,decode('4E6F20737065636966696320726571756972656D656E74732E0A','hex'),NULL);
INSERT INTO tbl_job (job_code,job_grade,job_country,job_title,min_salary,max_salary,job_requirement,language_req) VALUES ('CFO',1,'USA','Chief Financial Officer',85000.00,140000.00,decode('31352B20796561727320696E2066696E616E6365206F7220352B20796561727320617320612043464F0A7769746820612070726F76656E20747261636B207265636F72642E0A4D4241206F72204A2E442E206465677265652E0A','hex'),NULL);
INSERT INTO tbl_job (job_code,job_grade,job_country,job_title,min_salary,max_salary,job_requirement,language_req) VALUES ('VP',2,'USA','Vice President',80000.00,130000.00,decode('4E6F20737065636966696320726571756972656D656E74732E0A','hex'),NULL);
INSERT INTO tbl_job (job_code,job_grade,job_country,job_title,min_salary,max_salary,job_requirement,language_req) VALUES ('Dir',2,'USA','Director',75000.00,120000.00,decode('352D31302079656172732061732061206469726563746F7220696E20636F6D7075746572206F7220656C656374726F6E69637320696E64757374726965732E0A416E20616476616E636564206465677265652E0A','hex'),NULL);
INSERT INTO tbl_job (job_code,job_grade,job_country,job_title,min_salary,max_salary,job_requirement,language_req) VALUES ('Mngr',3,'USA','Manager',60000.00,100000.00,decode('42412F42532072657175697265642E0A332D3520796561727320696E206D616E6167656D656E742C0A706C757320322D3420796561727320656E67696E656572696E6720657870657269656E63652E0A','hex'),NULL);
INSERT INTO tbl_job (job_code,job_grade,job_country,job_title,min_salary,max_salary,job_requirement,language_req) VALUES ('Mngr',4,'USA','Manager',30000.00,60000.00,decode('352B207965617273206F6666696365206D616E6167656D656E7420657870657269656E63652E0A','hex'),NULL);
INSERT INTO tbl_job (job_code,job_grade,job_country,job_title,min_salary,max_salary,job_requirement,language_req) VALUES ('Admin',4,'USA','Administrative Assistant',35000.00,55000.00,decode('332D3520796561727320657870657269656E636520696E2065786563757469766520656E7669726F6E6D656E742E0A5374726F6E67206F7267616E697A6174696F6E616C20616E6420636F6D6D756E69636174696F6E20736B696C6C732072657175697265642E0A424120646567726565207072656665727265642E0A','hex'),NULL);
INSERT INTO tbl_job (job_code,job_grade,job_country,job_title,min_salary,max_salary,job_requirement,language_req) VALUES ('Admin',5,'USA','Administrative Assistant',20000.00,40000.00,decode('322D3420796561727320636C65726963616C20657870657269656E63652E0A466163696C697479207769746820776F72642070726F63657373696E6720616E64206461746120656E7472792E0A414120646567726565207072656665727265642E0A','hex'),NULL);
INSERT INTO tbl_job (job_code,job_grade,job_country,job_title,min_salary,max_salary,job_requirement,language_req) VALUES ('Admin',5,'England','Administrative Assistant',13400.00,26800.00,NULL,NULL);
INSERT INTO tbl_job (job_code,job_grade,job_country,job_title,min_salary,max_salary,job_requirement,language_req) VALUES ('PRel',4,'USA','Public Relations Rep.',25000.00,65000.00,NULL,NULL);
INSERT INTO tbl_job (job_code,job_grade,job_country,job_title,min_salary,max_salary,job_requirement,language_req) VALUES ('Mktg',3,'USA','Marketing Analyst',40000.00,80000.00,decode('4D42412072657175697265642E0A31302B20796561727320657870657269656E636520696E2068696768207465636820656E7669726F6E6D656E742E0A','hex'),NULL);
INSERT INTO tbl_job (job_code,job_grade,job_country,job_title,min_salary,max_salary,job_requirement,language_req) VALUES ('Mktg',4,'USA','Marketing Analyst',20000.00,50000.00,decode('42412F42532072657175697265642E20204D4241207072656665727265642E0A332D3520796561727320657870657269656E63652E0A4B6E6F776C6564676561626C6520776974682073707265616473686565747320616E64206461746162617365732E0A','hex'),NULL);
INSERT INTO tbl_job (job_code,job_grade,job_country,job_title,min_salary,max_salary,job_requirement,language_req) VALUES ('Accnt',4,'USA','Accountant',28000.00,55000.00,decode('435041207769746820332D3520796561727320657870657269656E63652E0A53707265616473686565742C206461746120656E7472792C20616E6420776F72642070726F63657373696E67206B6E6F776C656467652072657175697265642E0A','hex'),NULL);
INSERT INTO tbl_job (job_code,job_grade,job_country,job_title,min_salary,max_salary,job_requirement,language_req) VALUES ('Finan',3,'USA','Financial Analyst',35000.00,85000.00,decode('352D3130207965617273206F66206163636F756E74696E6720616E642066696E616E6369616C20657870657269656E63652E0A5374726F6E6720616E616C79746963616C20736B696C6C732E0A4350412F4D42412072657175697265642E0A','hex'),NULL);
INSERT INTO tbl_job (job_code,job_grade,job_country,job_title,min_salary,max_salary,job_requirement,language_req) VALUES ('Eng',2,'USA','Engineer',70000.00,110000.00,decode('44697374696E6775697368656420656E67696E6565722E0A50682E442F4D532F4253206F72206571756976616C656E7420657870657269656E63652E0A','hex'),NULL);
INSERT INTO tbl_job (job_code,job_grade,job_country,job_title,min_salary,max_salary,job_requirement,language_req) VALUES ('Eng',3,'USA','Engineer',50000.00,90000.00,decode('352B20796561727320657870657269656E63652E0A42412F42532072657175697265642E0A4D5320646567726565207072656665727265642E0A','hex'),NULL);
INSERT INTO tbl_job (job_code,job_grade,job_country,job_title,min_salary,max_salary,job_requirement,language_req) VALUES ('Eng',3,'Japan','Engineer',5400000.00,9720000.00,decode('352B20796561727320657870657269656E63652E0A42412F425320616E642F6F72204D5320646567726565732072657175697265642E0A437573746F6D657220737570706F727420657870657269656E636520646573697265642E0A4B6E6F776C65646765206F66204A6170616E65736520616E6420456E676C6973682E0A','hex'),'{Japanese,Mandarin,English}');
INSERT INTO tbl_job (job_code,job_grade,job_country,job_title,min_salary,max_salary,job_requirement,language_req) VALUES ('Eng',4,'USA','Engineer',30000.00,65000.00,decode('42412F425320616E6420332D3520796561727320657870657269656E63652E0A','hex'),NULL);
INSERT INTO tbl_job (job_code,job_grade,job_country,job_title,min_salary,max_salary,job_requirement,language_req) VALUES ('Eng',4,'England','Engineer',20100.00,43550.00,decode('42412F425320616E640A322D3420796561727320657870657269656E636520696E20746563686E6963616C20737570706F72742E0A4B6E6F776C65646765206F66207365766572616C204575726F7065616E206C616E6775616765732068656C7066756C2E0A','hex'),'{English,German,French}');
INSERT INTO tbl_job (job_code,job_grade,job_country,job_title,min_salary,max_salary,job_requirement,language_req) VALUES ('Doc',3,'USA','Technical Writer',38000.00,60000.00,decode('342B2079656172732077726974696E6720686967686C7920746563686E6963616C0A736F66747761726520646F63756D656E746174696F6E2E0A412062616368656C6F72277320646567726565206F72206571756976616C656E742E0A50726F6772616D6D696E6720657870657269656E63652072657175697265642E0A457863656C6C656E74206C616E677561676520736B696C6C732E0A','hex'),NULL);
INSERT INTO tbl_job (job_code,job_grade,job_country,job_title,min_salary,max_salary,job_requirement,language_req) VALUES ('Doc',5,'USA','Technical Writer',22000.00,40000.00,decode('424120696E20456E676C6973682F6A6F75726E616C69736D206F7220657863656C6C656E74206C616E677561676520736B696C6C732E0A536F6D652070726F6772616D6D696E6720657870657269656E63652072657175697265642E0A322D34207965617273206F6620746563686E6963616C2077726974696E672E0A','hex'),NULL);
INSERT INTO tbl_job (job_code,job_grade,job_country,job_title,min_salary,max_salary,job_requirement,language_req) VALUES ('Sales',3,'USA','Sales Co-ordinator',40000.00,70000.00,decode('457870657269656E636520696E2073616C657320616E64207075626C69632072656C6174696F6E730A696E20612068696768207465636820656E7669726F6E6D656E742E0A457863656C6C656E7420636F6D6D756E69636174696F6E20736B696C6C732E0A4241206F72206571756976616C656E742E0A','hex'),NULL);
INSERT INTO tbl_job (job_code,job_grade,job_country,job_title,min_salary,max_salary,job_requirement,language_req) VALUES ('Sales',3,'England','Sales Co-ordinator',26800.00,46900.00,decode('457870657269656E636520696E2073616C657320616E64207075626C69632072656C6174696F6E730A696E20612068696768207465636820656E7669726F6E6D656E742E0A457863656C6C656E7420636F6D6D756E69636174696F6E20736B696C6C732E0A4241206F72206571756976616C656E742E0A4B6E6F776C65646765206F66207365766572616C204575726F7065616E206C616E6775616765732068656C7066756C2E0A','hex'),'{English,German,French}');
INSERT INTO tbl_job (job_code,job_grade,job_country,job_title,min_salary,max_salary,job_requirement,language_req) VALUES ('SRep',4,'USA','Sales Representative',20000.00,100000.00,decode('436F6D70757465722F656C656374726F6E69637320696E6475737472792073616C657320657870657269656E63652E0A457863656C6C656E7420636F6D6D756E69636174696F6E732C206E65676F74696174696F6E2C20616E6420616E616C79746963616C20736B696C6C732E0A457870657269656E636520696E2065737461626C697368696E67206C6F6E67207465726D20637573746F6D65722072656C6174696F6E73686970732E0A536F6D65206B6E6F776C65646765206F66205370616E6973682072657175697265642E0A54726176656C2072657175697265642E0A','hex'),'{English,Spanish}');
INSERT INTO tbl_job (job_code,job_grade,job_country,job_title,min_salary,max_salary,job_requirement,language_req) VALUES ('SRep',4,'England','Sales Representative',13400.00,67000.00,decode('436F6D70757465722F656C656374726F6E69637320696E6475737472792073616C657320657870657269656E63652E0A457863656C6C656E7420636F6D6D756E69636174696F6E732C206E65676F74696174696F6E2C20616E6420616E616C79746963616C20736B696C6C732E0A457870657269656E636520696E2065737461626C697368696E67206C6F6E67207465726D20637573746F6D65722072656C6174696F6E73686970732E0A4B6E6F776C65646765206F66207365766572616C204575726F7065616E206C616E6775616765732068656C7066756C2E0A54726176656C2072657175697265642E0A','hex'),'{English,German,French}');
INSERT INTO tbl_job (job_code,job_grade,job_country,job_title,min_salary,max_salary,job_requirement,language_req) VALUES ('SRep',4,'Canada','Sales Representative',26400.00,132000.00,decode('436F6D70757465722F656C656374726F6E69637320696E6475737472792073616C657320657870657269656E63652E0A457863656C6C656E7420636F6D6D756E69636174696F6E732C206E65676F74696174696F6E2C20616E6420616E616C79746963616C20736B696C6C732E0A457870657269656E636520696E2065737461626C697368696E67206C6F6E67207465726D20637573746F6D65722072656C6174696F6E73686970732E0A54726176656C2072657175697265642E0A456E676C69736820706C757320737065616B696E67206B6E6F776C65646765206F66204672656E63682072657175697265642E0A','hex'),'{English,French}');
INSERT INTO tbl_job (job_code,job_grade,job_country,job_title,min_salary,max_salary,job_requirement,language_req) VALUES ('SRep',4,'Switzerland','Sales Representative',28000.00,149000.00,decode('436F6D70757465722F656C656374726F6E69637320696E6475737472792073616C657320657870657269656E63652E0A457863656C6C656E7420636F6D6D756E69636174696F6E732C206E65676F74696174696F6E2C20616E6420616E616C79746963616C20736B696C6C732E0A457870657269656E636520696E2065737461626C697368696E67206C6F6E67207465726D20637573746F6D65722072656C6174696F6E73686970732E0A4B6E6F776C65646765206F66204765726D616E2072657175697265643B206F6E65206F72206D6F7265206F74686572204575726F7065616E206C616E67756167652068656C7066756C2E0A54726176656C2072657175697265642E0A','hex'),'{German,French,English,Italian}');
INSERT INTO tbl_job (job_code,job_grade,job_country,job_title,min_salary,max_salary,job_requirement,language_req) VALUES ('SRep',4,'Japan','Sales Representative',2160000.00,10800000.00,decode('436F6D70757465722F656C656374726F6E69637320696E6475737472792073616C657320657870657269656E63652E0A457863656C6C656E7420636F6D6D756E69636174696F6E732C206E65676F74696174696F6E2C20616E6420616E616C79746963616C20736B696C6C732E0A457870657269656E636520696E2065737461626C697368696E67206C6F6E67207465726D20637573746F6D65722072656C6174696F6E73686970732E0A4B6E6F776C65646765206F66204A6170616E6573652072657175697265642E0A54726176656C2072657175697265642E0A','hex'),'{Japanese,English}');
INSERT INTO tbl_job (job_code,job_grade,job_country,job_title,min_salary,max_salary,job_requirement,language_req) VALUES ('SRep',4,'Italy','Sales Representative',20000.00,100000.00,decode('436F6D70757465722F656C656374726F6E69637320696E6475737472792073616C657320657870657269656E63652E0A457863656C6C656E7420636F6D6D756E69636174696F6E732C206E65676F74696174696F6E2C20616E6420616E616C79746963616C20736B696C6C732E0A457870657269656E636520696E2065737461626C697368696E67206C6F6E67207465726D20637573746F6D65722072656C6174696F6E73686970732E0A466C75656E637920696E204974616C69616E3B20736F6D65206B6E6F776C65646765206F66204765726D616E2068656C7066756C2E0A54726176656C2072657175697265642E0A','hex'),'{Italian,German,French}');



